Sturgeon_ID,Sturgeon_Image,,,,
9001-16704,sturgeon01.jpg,,,,
9001-16713,sturgeon02.jpg,,,,
9001-26746,sturgeon03.jpg,,,,
9001-26747,sturgeon04.jpg,,,,
9001-26756,sturgeon05.jpg,,,,
9001-28297,sturgeon06.jpg,,,,
9001-43148,sturgeon07.jpg,,,,
9001-43149,sturgeon08.jpg,,,,
9001-43282,sturgeon09.jpg,,,,
9001-43283,sturgeon10.jpg,,,,
9001-43284,sturgeon11.jpg,,,,
9001-43287,sturgeon12.jpg,,,,
9001-43288,sturgeon13.jpg,,,,
9001-43289,sturgeon14.jpg,,,,
9001-47192,sturgeon15.jpg,,,,
9001-47193,sturgeon16.jpg,,,,
9001-52017,sturgeon17.jpg,,,,
9001-52022,sturgeon01.jpg,,,,
9001-52029,sturgeon02.jpg,,,,
9001-52030,sturgeon03.jpg,,,,
9001-52031,sturgeon04.jpg,,,,
9001-52032,sturgeon05.jpg,,,,
9001-52036,sturgeon06.jpg,,,,
9001-52038,sturgeon07.jpg,,,,
9001-52039,sturgeon08.jpg,,,,
9001-52040,sturgeon09.jpg,,,,
9001-52041,sturgeon10.jpg,,,,
9001-52042,sturgeon11.jpg,,,,
9001-52043,sturgeon12.jpg,,,,
9001-64489,sturgeon13.jpg,,,,
9001-64500,sturgeon14.jpg,,,,
9006-6277,sturgeon15.jpg,,,,
9006-6288,sturgeon16.jpg,,,,
