"","Sturgeon_ID","Date_Time_Rounded","Hub_ID","Arrival_Time","Distinct_Hubs","Tie_Breaker"
"1","9001-16704","2025-09-14 00:00:00","aquaHub-660141",2025-09-14 06:02:37,1,NA
"2","9001-16704","2025-09-15 00:00:00","aquaHub-660141",NA,NA,NA
"3","9001-16704","2025-09-16 00:00:00","aquaHub-660298",2025-09-16 11:27:52,1,NA
"4","9001-16704","2025-09-17 00:00:00","aquaHub-660298",2025-09-17 05:03:48,1,NA
"5","9001-16704","2025-09-18 00:00:00","aquaHub-660298",2025-09-18 00:07:49,1,NA
"6","9001-16704","2025-09-19 00:00:00","aquaHub-660143",2025-09-19 09:51:24,1,NA
"7","9001-16704","2025-09-20 00:00:00","aquaHub-661033",2025-09-20 13:56:52,1,NA
"8","9001-16704","2025-09-21 00:00:00","aquaHub-661033",NA,NA,NA
"9","9001-16713","2025-09-14 00:00:00","aquaHub-660273",2025-09-14 05:12:17,4,1
"10","9001-16713","2025-09-14 00:00:00","aquaHub-660110",2025-09-14 06:35:14,4,2
"11","9001-16713","2025-09-14 00:00:00","aquaHub-660298",2025-09-14 14:27:37,4,3
"12","9001-16713","2025-09-14 00:00:00","aquaHub-660143",2025-09-14 23:54:21,4,4
"13","9001-16713","2025-09-15 00:00:00","aquaHub-660143",2025-09-15 00:02:15,1,NA
"14","9001-16713","2025-09-16 00:00:00","aquaHub-660143",NA,NA,NA
"15","9001-16713","2025-09-17 00:00:00","aquaHub-660143",NA,NA,NA
"16","9001-16713","2025-09-18 00:00:00","aquaHub-660143",NA,NA,NA
"17","9001-16713","2025-09-19 00:00:00","aquaHub-660143",NA,NA,NA
"18","9001-16713","2025-09-20 00:00:00","aquaHub-660143",NA,NA,NA
"19","9001-16713","2025-09-21 00:00:00","aquaHub-660143",NA,NA,NA
"20","9001-26746","2025-09-14 00:00:00","aquaHub-660273",2025-09-14 07:27:45,1,NA
"21","9001-26746","2025-09-15 00:00:00","aquaHub-660273",2025-09-15 20:47:57,1,NA
"22","9001-26746","2025-09-16 00:00:00","aquaHub-660273",NA,NA,NA
"23","9001-26746","2025-09-17 00:00:00","aquaHub-660273",NA,NA,NA
"24","9001-26746","2025-09-18 00:00:00","aquaHub-660273",NA,NA,NA
"25","9001-26746","2025-09-19 00:00:00","aquaHub-660273",NA,NA,NA
"26","9001-26746","2025-09-20 00:00:00","aquaHub-660273",2025-09-20 14:30:49,1,NA
"27","9001-26746","2025-09-21 00:00:00","aquaHub-660273",NA,NA,NA
"28","9001-26747","2025-09-14 00:00:00","aquaHub-660110",2025-09-14 06:22:34,2,1
"29","9001-26747","2025-09-14 00:00:00","aquaHub-660273",2025-09-14 23:33:20,2,2
"30","9001-26747","2025-09-15 00:00:00","aquaHub-660273",2025-09-15 00:23:41,2,1
"31","9001-26747","2025-09-15 00:00:00","aquaHub-660110",2025-09-15 02:09:29,2,2
"32","9001-26747","2025-09-16 00:00:00","aquaHub-660298",2025-09-16 02:15:56,1,NA
"33","9001-26747","2025-09-17 00:00:00","aquaHub-660298",2025-09-17 03:04:25,1,NA
"34","9001-26747","2025-09-18 00:00:00","aquaHub-660298",2025-09-18 00:04:46,1,NA
"35","9001-26747","2025-09-19 00:00:00","aquaHub-660110",2025-09-19 11:38:18,2,1
"36","9001-26747","2025-09-19 00:00:00","aquaHub-660273",2025-09-19 13:06:13,2,2
"37","9001-26747","2025-09-20 00:00:00","aquaHub-660273",2025-09-20 10:01:45,2,1
"38","9001-26747","2025-09-20 00:00:00","aquaHub-660110",2025-09-20 14:18:53,2,2
"39","9001-26747","2025-09-21 00:00:00","aquaHub-660110",NA,NA,NA
"40","9001-26756","2025-09-14 00:00:00","aquaHub-660273",2025-09-14 12:21:03,2,1
"41","9001-26756","2025-09-14 00:00:00","aquaHub-660110",2025-09-14 15:00:43,2,2
"42","9001-26756","2025-09-15 00:00:00","aquaHub-660110",2025-09-15 01:21:32,1,NA
"43","9001-26756","2025-09-16 00:00:00","aquaHub-660298",2025-09-16 00:17:40,1,NA
"44","9001-26756","2025-09-17 00:00:00","aquaHub-660298",2025-09-17 01:40:17,1,NA
"45","9001-26756","2025-09-18 00:00:00","aquaHub-660298",2025-09-18 02:38:50,1,NA
"46","9001-26756","2025-09-19 00:00:00","aquaHub-660298",2025-09-19 03:00:53,1,NA
"47","9001-26756","2025-09-20 00:00:00","aquaHub-660298",2025-09-20 04:15:09,3,1
"48","9001-26756","2025-09-20 00:00:00","aquaHub-660110",2025-09-20 14:10:08,3,2
"49","9001-26756","2025-09-20 00:00:00","aquaHub-660273",2025-09-20 14:48:08,3,3
"50","9001-26756","2025-09-21 00:00:00","aquaHub-660273",2025-09-21 03:52:01,1,NA
"51","9001-28297","2025-09-14 00:00:00","aquaHub-660273",NA,NA,NA
"52","9001-28297","2025-09-15 00:00:00","aquaHub-660273",2025-09-15 23:14:59,1,NA
"53","9001-28297","2025-09-16 00:00:00","aquaHub-660273",NA,NA,NA
"54","9001-28297","2025-09-17 00:00:00","aquaHub-660273",2025-09-17 22:39:12,1,NA
"55","9001-28297","2025-09-18 00:00:00","aquaHub-660247",2025-09-18 21:15:18,1,NA
"56","9001-28297","2025-09-19 00:00:00","aquaHub-660273",2025-09-19 16:31:09,2,1
"57","9001-28297","2025-09-19 00:00:00","aquaHub-660110",2025-09-19 17:22:39,2,2
"58","9001-28297","2025-09-20 00:00:00","aquaHub-660110",NA,NA,NA
"59","9001-28297","2025-09-21 00:00:00","aquaHub-660110",2025-09-21 02:28:53,1,NA
"60","9001-43148","2025-09-14 00:00:00","aquaHub-660273",2025-09-14 06:39:19,2,1
"61","9001-43148","2025-09-14 00:00:00","aquaHub-660110",2025-09-14 08:09:46,2,2
"62","9001-43148","2025-09-15 00:00:00","aquaHub-660110",2025-09-15 09:33:14,1,NA
"63","9001-43148","2025-09-16 00:00:00","aquaHub-660110",2025-09-16 00:02:14,1,NA
"64","9001-43148","2025-09-17 00:00:00","aquaHub-660273",2025-09-17 00:30:50,1,NA
"65","9001-43148","2025-09-18 00:00:00","aquaHub-660273",NA,NA,NA
"66","9001-43148","2025-09-19 00:00:00","aquaHub-660273",NA,NA,NA
"67","9001-43148","2025-09-20 00:00:00","aquaHub-660273",NA,NA,NA
"68","9001-43148","2025-09-21 00:00:00","aquaHub-660273",NA,NA,NA
"69","9001-43149","2025-09-14 00:00:00","aquaHub-660273",2025-09-14 09:57:07,3,1
"70","9001-43149","2025-09-14 00:00:00","aquaHub-660110",2025-09-14 11:13:43,3,2
"71","9001-43149","2025-09-14 00:00:00","aquaHub-660298",2025-09-14 14:40:00,3,3
"72","9001-43149","2025-09-15 00:00:00","aquaHub-660298",2025-09-15 00:03:23,1,NA
"73","9001-43149","2025-09-16 00:00:00","aquaHub-660298",2025-09-16 00:01:31,3,1
"74","9001-43149","2025-09-16 00:00:00","aquaHub-660110",2025-09-16 12:38:58,3,2
"75","9001-43149","2025-09-16 00:00:00","aquaHub-660273",2025-09-16 13:26:58,3,3
"76","9001-43149","2025-09-17 00:00:00","aquaHub-660273",NA,NA,NA
"77","9001-43149","2025-09-18 00:00:00","aquaHub-660247",2025-09-18 04:46:40,1,NA
"78","9001-43149","2025-09-19 00:00:00","aquaHub-660247",NA,NA,NA
"79","9001-43149","2025-09-20 00:00:00","aquaHub-660273",2025-09-20 04:03:58,3,1
"80","9001-43149","2025-09-20 00:00:00","aquaHub-660110",2025-09-20 05:40:09,3,2
"81","9001-43149","2025-09-20 00:00:00","aquaHub-660298",2025-09-20 17:01:00,3,3
"82","9001-43149","2025-09-21 00:00:00","aquaHub-660298",2025-09-21 00:26:28,1,NA
"83","9001-43282","2025-09-14 00:00:00","aquaHub-660298",NA,NA,NA
"84","9001-43282","2025-09-15 00:00:00","aquaHub-660298",2025-09-15 20:56:17,1,NA
"85","9001-43282","2025-09-16 00:00:00","aquaHub-660298",2025-09-16 08:31:44,1,NA
"86","9001-43282","2025-09-17 00:00:00","aquaHub-660298",2025-09-17 01:40:05,1,NA
"87","9001-43282","2025-09-18 00:00:00","aquaHub-660298",2025-09-18 18:51:13,1,NA
"88","9001-43282","2025-09-19 00:00:00","aquaHub-660298",2025-09-19 00:00:52,1,NA
"89","9001-43282","2025-09-20 00:00:00","aquaHub-660298",2025-09-20 07:27:16,3,1
"90","9001-43282","2025-09-20 00:00:00","aquaHub-660110",2025-09-20 14:33:09,3,2
"91","9001-43282","2025-09-20 00:00:00","aquaHub-660273",2025-09-20 15:19:47,3,3
"92","9001-43282","2025-09-21 00:00:00","aquaHub-660273",NA,NA,NA
"93","9001-43283","2025-09-14 00:00:00","aquaHub-660110",2025-09-14 05:12:34,1,NA
"94","9001-43283","2025-09-15 00:00:00","aquaHub-660110",2025-09-15 18:27:19,1,NA
"95","9001-43283","2025-09-16 00:00:00","aquaHub-660110",2025-09-16 19:42:00,2,1
"96","9001-43283","2025-09-16 00:00:00","aquaHub-660273",2025-09-16 21:23:34,2,2
"97","9001-43283","2025-09-17 00:00:00","aquaHub-660273",NA,NA,NA
"98","9001-43283","2025-09-18 00:00:00","aquaHub-660273",NA,NA,NA
"99","9001-43283","2025-09-19 00:00:00","aquaHub-660273",2025-09-19 13:13:53,2,1
"100","9001-43283","2025-09-19 00:00:00","aquaHub-660110",2025-09-19 14:01:50,2,2
"101","9001-43283","2025-09-20 00:00:00","aquaHub-660298",2025-09-20 19:29:50,1,NA
"102","9001-43283","2025-09-21 00:00:00","aquaHub-660298",2025-09-21 02:49:43,1,NA
"103","9001-43284","2025-09-14 00:00:00","aquaHub-660247",NA,NA,NA
"104","9001-43284","2025-09-15 00:00:00","aquaHub-660247",NA,NA,NA
"105","9001-43284","2025-09-16 00:00:00","aquaHub-660247",NA,NA,NA
"106","9001-43284","2025-09-17 00:00:00","aquaHub-660247",NA,NA,NA
"107","9001-43284","2025-09-18 00:00:00","aquaHub-660247",2025-09-18 00:40:21,1,NA
"108","9001-43284","2025-09-19 00:00:00","aquaHub-660273",2025-09-19 17:15:33,2,1
"109","9001-43284","2025-09-19 00:00:00","aquaHub-660110",2025-09-19 18:08:48,2,2
"110","9001-43284","2025-09-20 00:00:00","aquaHub-660298",2025-09-20 05:00:26,2,1
"111","9001-43284","2025-09-20 00:00:00","aquaHub-660110",2025-09-20 23:51:51,2,2
"112","9001-43284","2025-09-21 00:00:00","aquaHub-660273",2025-09-21 00:36:00,1,NA
"113","9001-43287","2025-09-14 00:00:00","aquaHub-661034",2025-09-14 04:52:13,1,NA
"114","9001-43287","2025-09-15 00:00:00","aquaHub-661034",2025-09-15 00:27:38,1,NA
"115","9001-43287","2025-09-16 00:00:00","aquaHub-661034",2025-09-16 04:20:36,1,NA
"116","9001-43287","2025-09-17 00:00:00","aquaHub-661034",2025-09-17 07:26:49,2,1
"117","9001-43287","2025-09-17 00:00:00","aquaHub-661033",2025-09-17 16:07:06,2,2
"118","9001-43287","2025-09-18 00:00:00","aquaHub-660141",2025-09-18 01:00:42,2,1
"119","9001-43287","2025-09-18 00:00:00","aquaHub-660143",2025-09-18 05:02:07,2,2
"120","9001-43287","2025-09-19 00:00:00","aquaHub-660143",2025-09-19 10:49:43,1,NA
"121","9001-43287","2025-09-20 00:00:00","aquaHub-660141",2025-09-20 08:46:31,1,NA
"122","9001-43287","2025-09-21 00:00:00","aquaHub-660143",2025-09-21 02:07:23,1,NA
"123","9001-43288","2025-09-14 00:00:00","aquaHub-660110",2025-09-14 09:16:54,1,NA
"124","9001-43288","2025-09-15 00:00:00","aquaHub-660110",NA,NA,NA
"125","9001-43288","2025-09-16 00:00:00","aquaHub-660110",NA,NA,NA
"126","9001-43288","2025-09-17 00:00:00","aquaHub-660110",NA,NA,NA
"127","9001-43288","2025-09-18 00:00:00","aquaHub-660110",NA,NA,NA
"128","9001-43288","2025-09-19 00:00:00","aquaHub-660298",2025-09-19 05:54:03,1,NA
"129","9001-43288","2025-09-20 00:00:00","aquaHub-660298",NA,NA,NA
"130","9001-43288","2025-09-21 00:00:00","aquaHub-660298",NA,NA,NA
"131","9001-43289","2025-09-14 00:00:00","aquaHub-660273",NA,NA,NA
"132","9001-43289","2025-09-15 00:00:00","aquaHub-660273",NA,NA,NA
"133","9001-43289","2025-09-16 00:00:00","aquaHub-660273",NA,NA,NA
"134","9001-43289","2025-09-17 00:00:00","aquaHub-660273",NA,NA,NA
"135","9001-43289","2025-09-18 00:00:00","aquaHub-660273",NA,NA,NA
"136","9001-43289","2025-09-19 00:00:00","aquaHub-660273",2025-09-19 13:09:02,1,NA
"137","9001-43289","2025-09-20 00:00:00","aquaHub-660273",2025-09-20 02:45:08,1,NA
"138","9001-43289","2025-09-21 00:00:00","aquaHub-660273",NA,NA,NA
"139","9001-47192","2025-09-14 00:00:00","aquaHub-661033",NA,NA,NA
"140","9001-47192","2025-09-15 00:00:00","aquaHub-661033",NA,NA,NA
"141","9001-47192","2025-09-16 00:00:00","aquaHub-661033",2025-09-16 04:03:52,1,NA
"142","9001-47192","2025-09-17 00:00:00","aquaHub-661034",2025-09-17 00:55:58,1,NA
"143","9001-47192","2025-09-18 00:00:00","aquaHub-660937",2025-09-18 18:40:04,1,NA
"144","9001-47192","2025-09-19 00:00:00","aquaHub-660937",NA,NA,NA
"145","9001-47192","2025-09-20 00:00:00","aquaHub-660937",NA,NA,NA
"146","9001-47192","2025-09-21 00:00:00","aquaHub-660937",NA,NA,NA
"147","9001-47193","2025-09-14 00:00:00","aquaHub-660110",2025-09-14 05:45:25,1,NA
"148","9001-47193","2025-09-15 00:00:00","aquaHub-660110",2025-09-15 05:30:47,1,NA
"149","9001-47193","2025-09-16 00:00:00","aquaHub-660110",2025-09-16 00:50:42,2,1
"150","9001-47193","2025-09-16 00:00:00","aquaHub-660273",2025-09-16 21:52:49,2,2
"151","9001-47193","2025-09-17 00:00:00","aquaHub-660273",NA,NA,NA
"152","9001-47193","2025-09-18 00:00:00","aquaHub-660273",NA,NA,NA
"153","9001-47193","2025-09-19 00:00:00","aquaHub-660273",NA,NA,NA
"154","9001-47193","2025-09-20 00:00:00","aquaHub-660273",NA,NA,NA
"155","9001-47193","2025-09-21 00:00:00","aquaHub-660273",NA,NA,NA
"156","9001-52017","2025-09-14 00:00:00","aquaHub-660298",NA,NA,NA
"157","9001-52017","2025-09-15 00:00:00","aquaHub-660298",2025-09-15 03:53:32,1,NA
"158","9001-52017","2025-09-16 00:00:00","aquaHub-660298",2025-09-16 00:01:25,1,NA
"159","9001-52017","2025-09-17 00:00:00","aquaHub-660298",NA,NA,NA
"160","9001-52017","2025-09-18 00:00:00","aquaHub-660298",NA,NA,NA
"161","9001-52017","2025-09-19 00:00:00","aquaHub-660298",NA,NA,NA
"162","9001-52017","2025-09-20 00:00:00","aquaHub-660298",2025-09-20 07:31:51,1,NA
"163","9001-52017","2025-09-21 00:00:00","aquaHub-660298",2025-09-21 00:02:05,1,NA
"164","9001-52022","2025-09-14 00:00:00","aquaHub-660298",2025-09-14 05:26:59,1,NA
"165","9001-52022","2025-09-15 00:00:00","aquaHub-660298",2025-09-15 00:10:14,2,1
"166","9001-52022","2025-09-15 00:00:00","aquaHub-660143",2025-09-15 15:32:24,2,2
"167","9001-52022","2025-09-16 00:00:00","aquaHub-660143",2025-09-16 02:33:55,2,1
"168","9001-52022","2025-09-16 00:00:00","aquaHub-660298",2025-09-16 09:21:27,2,2
"169","9001-52022","2025-09-17 00:00:00","aquaHub-660110",2025-09-17 08:01:38,2,1
"170","9001-52022","2025-09-17 00:00:00","aquaHub-660273",2025-09-17 09:01:15,2,2
"171","9001-52022","2025-09-18 00:00:00","aquaHub-660273",2025-09-18 04:36:48,2,1
"172","9001-52022","2025-09-18 00:00:00","aquaHub-660110",2025-09-18 18:01:57,2,2
"173","9001-52022","2025-09-19 00:00:00","aquaHub-660298",2025-09-19 04:45:56,3,1
"174","9001-52022","2025-09-19 00:00:00","aquaHub-660110",2025-09-19 13:54:16,3,2
"175","9001-52022","2025-09-19 00:00:00","aquaHub-660273",2025-09-19 23:46:32,3,3
"176","9001-52022","2025-09-20 00:00:00","aquaHub-660273",2025-09-20 12:33:06,2,1
"177","9001-52022","2025-09-20 00:00:00","aquaHub-660110",2025-09-20 13:15:57,2,2
"178","9001-52022","2025-09-21 00:00:00","aquaHub-660110",NA,NA,NA
"179","9001-52029","2025-09-14 00:00:00","aquaHub-660141",2025-09-14 12:14:24,1,NA
"180","9001-52029","2025-09-15 00:00:00","aquaHub-660141",2025-09-15 06:40:50,1,NA
"181","9001-52029","2025-09-16 00:00:00","aquaHub-660141",2025-09-16 01:29:59,1,NA
"182","9001-52029","2025-09-17 00:00:00","aquaHub-660143",2025-09-17 00:07:00,2,1
"183","9001-52029","2025-09-17 00:00:00","aquaHub-660298",2025-09-17 03:50:46,2,2
"184","9001-52029","2025-09-18 00:00:00","aquaHub-660298",2025-09-18 00:00:38,1,NA
"185","9001-52029","2025-09-19 00:00:00","aquaHub-660298",2025-09-19 02:48:00,2,1
"186","9001-52029","2025-09-19 00:00:00","aquaHub-660143",2025-09-19 22:01:44,2,2
"187","9001-52029","2025-09-20 00:00:00","aquaHub-660143",2025-09-20 00:00:16,2,1
"188","9001-52029","2025-09-20 00:00:00","aquaHub-660141",2025-09-20 10:20:59,2,2
"189","9001-52029","2025-09-21 00:00:00","aquaHub-660141",2025-09-21 00:01:32,1,NA
"190","9001-52030","2025-09-14 00:00:00","aquaHub-660298",NA,NA,NA
"191","9001-52030","2025-09-15 00:00:00","aquaHub-660298",2025-09-15 15:07:54,1,NA
"192","9001-52030","2025-09-16 00:00:00","aquaHub-660298",NA,NA,NA
"193","9001-52030","2025-09-17 00:00:00","aquaHub-660298",NA,NA,NA
"194","9001-52030","2025-09-18 00:00:00","aquaHub-660298",NA,NA,NA
"195","9001-52030","2025-09-19 00:00:00","aquaHub-660110",2025-09-19 14:04:54,1,NA
"196","9001-52030","2025-09-20 00:00:00","aquaHub-660110",2025-09-20 15:14:15,1,NA
"197","9001-52030","2025-09-21 00:00:00","aquaHub-660110",NA,NA,NA
"198","9001-52031","2025-09-14 00:00:00","aquaHub-660298",2025-09-14 04:00:52,1,NA
"199","9001-52031","2025-09-15 00:00:00","aquaHub-660298",2025-09-15 00:10:07,1,NA
"200","9001-52031","2025-09-16 00:00:00","aquaHub-660298",2025-09-16 00:01:38,1,NA
"201","9001-52031","2025-09-17 00:00:00","aquaHub-660298",2025-09-17 00:05:15,2,1
"202","9001-52031","2025-09-17 00:00:00","aquaHub-660110",2025-09-17 23:02:56,2,2
"203","9001-52031","2025-09-18 00:00:00","aquaHub-660298",2025-09-18 05:59:44,1,NA
"204","9001-52031","2025-09-19 00:00:00","aquaHub-660298",2025-09-19 00:00:22,1,NA
"205","9001-52031","2025-09-20 00:00:00","aquaHub-660298",2025-09-20 00:25:34,3,1
"206","9001-52031","2025-09-20 00:00:00","aquaHub-660110",2025-09-20 05:13:04,3,2
"207","9001-52031","2025-09-20 00:00:00","aquaHub-660273",2025-09-20 06:57:44,3,3
"208","9001-52031","2025-09-21 00:00:00","aquaHub-660273",2025-09-21 02:39:35,1,NA
"209","9001-52032","2025-09-14 00:00:00","aquaHub-660110",NA,NA,NA
"210","9001-52032","2025-09-15 00:00:00","aquaHub-660110",2025-09-15 00:43:41,2,1
"211","9001-52032","2025-09-15 00:00:00","aquaHub-660273",2025-09-15 03:57:59,2,2
"212","9001-52032","2025-09-16 00:00:00","aquaHub-660273",NA,NA,NA
"213","9001-52032","2025-09-17 00:00:00","aquaHub-660273",NA,NA,NA
"214","9001-52032","2025-09-18 00:00:00","aquaHub-660273",2025-09-18 22:18:45,1,NA
"215","9001-52032","2025-09-19 00:00:00","aquaHub-660273",2025-09-19 17:46:41,1,NA
"216","9001-52032","2025-09-20 00:00:00","aquaHub-660273",NA,NA,NA
"217","9001-52032","2025-09-21 00:00:00","aquaHub-660273",NA,NA,NA
"218","9001-52036","2025-09-14 00:00:00","aquaHub-660143",2025-09-14 06:39:02,1,NA
"219","9001-52036","2025-09-15 00:00:00","aquaHub-660143",2025-09-15 00:02:03,2,1
"220","9001-52036","2025-09-15 00:00:00","aquaHub-660298",2025-09-15 17:40:04,2,2
"221","9001-52036","2025-09-16 00:00:00","aquaHub-660298",2025-09-16 00:00:56,1,NA
"222","9001-52036","2025-09-17 00:00:00","aquaHub-660298",2025-09-17 00:24:43,1,NA
"223","9001-52036","2025-09-18 00:00:00","aquaHub-660298",2025-09-18 00:15:58,1,NA
"224","9001-52036","2025-09-19 00:00:00","aquaHub-660298",2025-09-19 02:33:46,1,NA
"225","9001-52036","2025-09-20 00:00:00","aquaHub-660298",2025-09-20 00:14:36,1,NA
"226","9001-52036","2025-09-21 00:00:00","aquaHub-660298",2025-09-21 03:29:35,1,NA
"227","9001-52038","2025-09-14 00:00:00","aquaHub-660273",2025-09-14 06:24:06,1,NA
"228","9001-52038","2025-09-15 00:00:00","aquaHub-660273",NA,NA,NA
"229","9001-52038","2025-09-16 00:00:00","aquaHub-660273",2025-09-16 12:40:10,1,NA
"230","9001-52038","2025-09-17 00:00:00","aquaHub-660273",NA,NA,NA
"231","9001-52038","2025-09-18 00:00:00","aquaHub-660273",NA,NA,NA
"232","9001-52038","2025-09-19 00:00:00","aquaHub-660273",NA,NA,NA
"233","9001-52038","2025-09-20 00:00:00","aquaHub-660273",2025-09-20 04:12:09,1,NA
"234","9001-52038","2025-09-21 00:00:00","aquaHub-660273",NA,NA,NA
"235","9001-52039","2025-09-14 00:00:00","aquaHub-660298",NA,NA,NA
"236","9001-52039","2025-09-15 00:00:00","aquaHub-660298",2025-09-15 05:19:29,1,NA
"237","9001-52039","2025-09-16 00:00:00","aquaHub-660298",2025-09-16 00:00:45,2,1
"238","9001-52039","2025-09-16 00:00:00","aquaHub-660110",2025-09-16 22:58:20,2,2
"239","9001-52039","2025-09-17 00:00:00","aquaHub-660298",2025-09-17 06:13:03,1,NA
"240","9001-52039","2025-09-18 00:00:00","aquaHub-660298",2025-09-18 00:03:13,1,NA
"241","9001-52039","2025-09-19 00:00:00","aquaHub-660298",2025-09-19 00:07:25,1,NA
"242","9001-52039","2025-09-20 00:00:00","aquaHub-660298",2025-09-20 00:49:28,1,NA
"243","9001-52039","2025-09-21 00:00:00","aquaHub-660110",2025-09-21 03:27:43,1,NA
"244","9001-52040","2025-09-14 00:00:00","aquaHub-660273",NA,NA,NA
"245","9001-52040","2025-09-15 00:00:00","aquaHub-660273",2025-09-15 00:31:40,1,NA
"246","9001-52040","2025-09-16 00:00:00","aquaHub-660110",2025-09-16 00:16:38,3,1
"247","9001-52040","2025-09-16 00:00:00","aquaHub-660298",2025-09-16 04:03:13,3,2
"248","9001-52040","2025-09-16 00:00:00","aquaHub-660273",2025-09-16 21:52:10,3,3
"249","9001-52040","2025-09-17 00:00:00","aquaHub-660273",2025-09-17 01:10:19,1,NA
"250","9001-52040","2025-09-18 00:00:00","aquaHub-660273",NA,NA,NA
"251","9001-52040","2025-09-19 00:00:00","aquaHub-660273",2025-09-19 16:13:40,2,1
"252","9001-52040","2025-09-19 00:00:00","aquaHub-660110",2025-09-19 17:18:10,2,2
"253","9001-52040","2025-09-20 00:00:00","aquaHub-660110",2025-09-20 13:49:42,2,1
"254","9001-52040","2025-09-20 00:00:00","aquaHub-660273",2025-09-20 14:43:16,2,2
"255","9001-52040","2025-09-21 00:00:00","aquaHub-660273",NA,NA,NA
"256","9001-52041","2025-09-14 00:00:00","aquaHub-660273",NA,NA,NA
"257","9001-52041","2025-09-15 00:00:00","aquaHub-660273",NA,NA,NA
"258","9001-52041","2025-09-16 00:00:00","aquaHub-660273",NA,NA,NA
"259","9001-52041","2025-09-17 00:00:00","aquaHub-660273",NA,NA,NA
"260","9001-52041","2025-09-18 00:00:00","aquaHub-660273",NA,NA,NA
"261","9001-52041","2025-09-19 00:00:00","aquaHub-660273",2025-09-19 12:54:19,1,NA
"262","9001-52041","2025-09-20 00:00:00","aquaHub-660273",NA,NA,NA
"263","9001-52041","2025-09-21 00:00:00","aquaHub-660273",NA,NA,NA
"264","9001-52042","2025-09-14 00:00:00","aquaHub-660273",2025-09-14 06:22:35,1,NA
"265","9001-52042","2025-09-15 00:00:00","aquaHub-660273",NA,NA,NA
"266","9001-52042","2025-09-16 00:00:00","aquaHub-660273",NA,NA,NA
"267","9001-52042","2025-09-17 00:00:00","aquaHub-660273",NA,NA,NA
"268","9001-52042","2025-09-18 00:00:00","aquaHub-660273",NA,NA,NA
"269","9001-52042","2025-09-19 00:00:00","aquaHub-660273",NA,NA,NA
"270","9001-52042","2025-09-20 00:00:00","aquaHub-660273",2025-09-20 18:53:10,1,NA
"271","9001-52042","2025-09-21 00:00:00","aquaHub-660273",NA,NA,NA
"272","9001-52043","2025-09-14 00:00:00","aquaHub-660110",2025-09-14 05:24:19,2,1
"273","9001-52043","2025-09-14 00:00:00","aquaHub-660273",2025-09-14 07:23:12,2,2
"274","9001-52043","2025-09-15 00:00:00","aquaHub-660273",NA,NA,NA
"275","9001-52043","2025-09-16 00:00:00","aquaHub-660273",NA,NA,NA
"276","9001-52043","2025-09-17 00:00:00","aquaHub-660110",2025-09-17 10:25:40,2,1
"277","9001-52043","2025-09-17 00:00:00","aquaHub-660273",2025-09-17 20:29:51,2,2
"278","9001-52043","2025-09-18 00:00:00","aquaHub-660273",NA,NA,NA
"279","9001-52043","2025-09-19 00:00:00","aquaHub-660110",2025-09-19 12:35:25,2,1
"280","9001-52043","2025-09-19 00:00:00","aquaHub-660273",2025-09-19 13:36:32,2,2
"281","9001-52043","2025-09-20 00:00:00","aquaHub-660273",2025-09-20 04:18:25,2,1
"282","9001-52043","2025-09-20 00:00:00","aquaHub-660110",2025-09-20 17:04:24,2,2
"283","9001-52043","2025-09-21 00:00:00","aquaHub-660110",NA,NA,NA
"284","9001-64489","2025-09-14 00:00:00","aquaHub-661033",2025-09-14 12:27:04,2,1
"285","9001-64489","2025-09-14 00:00:00","aquaHub-661034",2025-09-14 16:15:00,2,2
"286","9001-64489","2025-09-15 00:00:00","aquaHub-661034",2025-09-15 00:03:58,1,NA
"287","9001-64489","2025-09-16 00:00:00","aquaHub-661034",NA,NA,NA
"288","9001-64489","2025-09-17 00:00:00","aquaHub-661034",NA,NA,NA
"289","9001-64489","2025-09-18 00:00:00","aquaHub-661034",NA,NA,NA
"290","9001-64489","2025-09-19 00:00:00","aquaHub-661034",NA,NA,NA
"291","9001-64489","2025-09-20 00:00:00","aquaHub-661034",NA,NA,NA
"292","9001-64489","2025-09-21 00:00:00","aquaHub-661034",NA,NA,NA
"293","9001-64500","2025-09-14 00:00:00","aquaHub-660298",2025-09-14 18:39:41,1,NA
"294","9001-64500","2025-09-15 00:00:00","aquaHub-660298",2025-09-15 00:08:13,1,NA
"295","9001-64500","2025-09-16 00:00:00","aquaHub-660298",2025-09-16 04:58:54,1,NA
"296","9001-64500","2025-09-17 00:00:00","aquaHub-660298",NA,NA,NA
"297","9001-64500","2025-09-18 00:00:00","aquaHub-660298",NA,NA,NA
"298","9001-64500","2025-09-19 00:00:00","aquaHub-660298",NA,NA,NA
"299","9001-64500","2025-09-20 00:00:00","aquaHub-660298",NA,NA,NA
"300","9001-64500","2025-09-21 00:00:00","aquaHub-660298",2025-09-21 00:44:06,1,NA
"301","9006-6277","2025-09-14 00:00:00","aquaHub-660273",2025-09-14 07:14:32,1,NA
"302","9006-6277","2025-09-15 00:00:00","aquaHub-660273",2025-09-15 19:18:32,1,NA
"303","9006-6277","2025-09-16 00:00:00","aquaHub-660273",NA,NA,NA
"304","9006-6277","2025-09-17 00:00:00","aquaHub-660273",NA,NA,NA
"305","9006-6277","2025-09-18 00:00:00","aquaHub-660273",NA,NA,NA
"306","9006-6277","2025-09-19 00:00:00","aquaHub-660273",NA,NA,NA
"307","9006-6277","2025-09-20 00:00:00","aquaHub-660273",NA,NA,NA
"308","9006-6277","2025-09-21 00:00:00","aquaHub-660273",NA,NA,NA
"309","9006-6288","2025-09-14 00:00:00","aquaHub-660298",NA,NA,NA
"310","9006-6288","2025-09-15 00:00:00","aquaHub-660298",NA,NA,NA
"311","9006-6288","2025-09-16 00:00:00","aquaHub-660298",NA,NA,NA
"312","9006-6288","2025-09-17 00:00:00","aquaHub-660298",NA,NA,NA
"313","9006-6288","2025-09-18 00:00:00","aquaHub-660298",NA,NA,NA
"314","9006-6288","2025-09-19 00:00:00","aquaHub-660298",NA,NA,NA
"315","9006-6288","2025-09-20 00:00:00","aquaHub-660298",2025-09-20 07:59:49,3,1
"316","9006-6288","2025-09-20 00:00:00","aquaHub-660143",2025-09-20 12:45:41,3,2
"317","9006-6288","2025-09-20 00:00:00","aquaHub-660141",2025-09-20 23:30:44,3,3
"318","9006-6288","2025-09-21 00:00:00","aquaHub-660141",2025-09-21 00:04:03,1,NA
